{"cameraMode":{"drawMode":0,"name":"Shaded","section":"Shading Mode"},"sceneLighting":false,"audioPlay":false,"sceneViewState":{"m_AlwaysRefresh":false,"showFog":true,"showSkybox":false,"showFlares":true,"showImageEffects":true,"showParticleSystems":true,"showVisualEffectGraphs":true,"m_FxEnabled":true},"in2DMode":false,"pivot":{"x":0.2646304965019226,"y":2.4191012382507326,"z":-1.4470044374465943},"rotation":{"x":-0.2771803140640259,"y":-0.005464482121169567,"z":0.0015129175735637546,"w":-0.9609876871109009},"size":0.6073950529098511,"orthographic":false}