{"cameraMode":{"drawMode":0,"name":"Shaded","section":"Shading Mode"},"sceneLighting":false,"audioPlay":false,"sceneViewState":{"m_AlwaysRefresh":false,"showFog":true,"showSkybox":false,"showFlares":true,"showImageEffects":true,"showParticleSystems":true,"showVisualEffectGraphs":true,"m_FxEnabled":true},"in2DMode":false,"pivot":{"x":-0.8046483993530273,"y":9.268266677856446,"z":0.35167789459228518},"rotation":{"x":-0.10408841818571091,"y":0.34626051783561709,"z":-0.03885216265916824,"w":-0.9317397475242615},"size":16.81824493408203,"orthographic":false}