{"cameraMode":{"drawMode":0,"name":"Shaded","section":"Shading Mode"},"sceneLighting":false,"audioPlay":false,"sceneViewState":{"m_AlwaysRefresh":false,"showFog":true,"showSkybox":false,"showFlares":true,"showImageEffects":true,"showParticleSystems":true,"showVisualEffectGraphs":true,"m_FxEnabled":true},"in2DMode":false,"pivot":{"x":-0.8046483993530273,"y":9.268266677856446,"z":0.35167789459228518},"rotation":{"x":-0.0631687343120575,"y":0.05420307070016861,"z":-0.0037086817901581527,"w":-0.9966474175453186},"size":593.5933227539063,"orthographic":false}