{"cameraMode":{"drawMode":0,"name":"Shaded","section":"Shading Mode"},"sceneLighting":false,"audioPlay":false,"sceneViewState":{"m_AlwaysRefresh":false,"showFog":true,"showSkybox":false,"showFlares":true,"showImageEffects":true,"showParticleSystems":true,"showVisualEffectGraphs":true,"m_FxEnabled":true},"in2DMode":false,"pivot":{"x":0.03136967122554779,"y":0.642351508140564,"z":1.7734228372573853},"rotation":{"x":-0.23504024744033814,"y":-0.02739391103386879,"z":0.006563342176377773,"w":-0.97176194190979},"size":1.048612117767334,"orthographic":false}