{"cameraMode":{"drawMode":0,"name":"Shaded","section":"Shading Mode"},"sceneLighting":false,"audioPlay":false,"sceneViewState":{"m_AlwaysRefresh":false,"showFog":true,"showSkybox":false,"showFlares":true,"showImageEffects":true,"showParticleSystems":true,"showVisualEffectGraphs":true,"m_FxEnabled":true},"in2DMode":false,"pivot":{"x":-0.002400010824203491,"y":-0.35136878490448,"z":-0.0074998438358306889},"rotation":{"x":-0.4392932057380676,"y":-0.014620348811149598,"z":0.006868756841868162,"w":-0.8983359336853027},"size":1.0556150674819947,"orthographic":false}